Workbook

Sheet Orders
A1: order_id | B1: order_date | C1: promised_date | D1: ship_date | E1: deliver_date | F1: customer_id | G1: region | H1: product_id | I1: category | J1: units_ordered | K1: units_shipped | L1: unit_price | M1: discount_rate | N1: shipping_method | O1: warehouse_id | P1: defect_flag | Q1: defect_type | R1: return_flag | S1: lead_time_days | T1: late_days | U1: in_full_flag | V1: otif_flag | W1: revenue | X1: WeekStart | Y1: LatenessCategory | Z1: Xlookup
A2: O0000001 | B2: 45619 | C2: 45624 | D2: 45619 | E2: 45626 | F2: C01127 | G2: South | H2: P00105 | I2: Home | J2: 2 | K2: 2 | L2: 29.65 | M2: 0 | N2: Standard | O2: WH-A | P2: 0 | R2: 0 | S2: 7 | T2: 2 | U2: 1 | V2: 0 | W2: 59.3 | X2: 45613 | Y2: 1–2 days | Z2: =_xlfn.XLOOKUP(synthetic_small[[#This Row],[product_id]],DimProduct!A:A,DimProduct!B:B, "N/A",0) -> Home
A3: O0000002 | B3: 45506 | C3: 45511 | D3: 45507 | E3: 45507 | F3: C02414 | G3: East | H3: P00164 | I3: Electronics | J3: 2 | K3: 2 | L3: 246.94 | M3: 0 | N3: Standard | O3: WH-D | P3: 0 | R3: 0 | S3: 1 | T3: 0 | U3: 1 | V3: 1 | W3: 493.88 | X3: 45501 | Y3: On Time | Z3: =_xlfn.XLOOKUP(synthetic_small[[#This Row],[product_id]],DimProduct!A:A,DimProduct!B:B, "N/A",0) -> Electronics
A4: O0000003 | B4: 45427 | C4: 45429 | D4: 45427 | E4: 45428 | F4: C01882 | G4: North | H4: P00301 | I4: Toys | J4: 1 | K4: 1 | L4: 13.94 | M4: 0 | N4: Expedited | O4: WH-C | P4: 0 | R4: 0 | S4: 1 | T4: 0 | U4: 1 | V4: 1 | W4: 13.94 | X4: 45424 | Y4: On Time | Z4: =_xlfn.XLOOKUP(synthetic_small[[#This Row],[product_id]],DimProduct!A:A,DimProduct!B:B, "N/A",0) -> Toys
A5: O0000004 | B5: 45524 | C5: 45529 | D5: 45524 | E5: 45529 | F5: C01495 | G5: South | H5: P00687 | I5: Sports | J5: 2 | K5: 2 | L5: 76.84 | M5: 0 | N5: Standard | O5: WH-C | P5: 0 | R5: 0 | S5: 5 | T5: 0 | U5: 1 | V5: 1 | W5: 153.68 | X5: 45522 | Y5: On Time | Z5: =_xlfn.XLOOKUP(synthetic_small[[#This Row],[product_id]],DimProduct!A:A,DimProduct!B:B, "N/A",0) -> Sports
A6: O0000005 | B6: 45619 | C6: 45624 | D6: 45620 | E6: 45625 | F6: C00900 | G6: East | H6: P00033 | I6: Electronics | J6: 2 | K6: 2 | L6: 130.39 | M6: 0 | N6: Standard | O6: WH-C | P6: 0 | R6: 0 | S6: 6 | T6: 1 | U6: 1 | V6: 0 | W6: 260.78 | X6: 45613 | Y6: 1–2 days | Z6: =_xlfn.XLOOKUP(synthetic_small[[#This Row],[product_id]],DimProduct!A:A,DimProduct!B:B, "N/A",0) -> Electronics
A7: O0000006 | B7: 45621 | C7: 45626 | D7: 45621 | E7: 45623 | F7: C01085 | G7: South | H7: P00552 | I7: Home | J7: 2 | K7: 2 | L7: 93.22 | M7: 0 | N7: Standard | O7: WH-C | P7: 0 | R7: 0 | S7: 2 | T7: 0 | U7: 1 | V7: 1 | W7: 186.44 | X7: 45620 | Y7: On Time | Z7: =_xlfn.XLOOKUP(synthetic_small[[#This Row],[product_id]],DimProduct!A:A,DimProduct!B:B, "N/A",0) -> Home
A8: O0000007 | B8: 45348 | C8: 45353 | D8: 45348 | E8: 45354 | F8: C00656 | G8: West | H8: P00611 | I8: Electronics | J8: 1 | K8: 1 | L8: 164.65 | M8: 0.23 | N8: Standard | O8: WH-D | P8: 0 | R8: 0 | S8: 6 | T8: 1 | U8: 1 | V8: 0 | W8: 126.78 | X8: 45347 | Y8: 1–2 days | Z8: =_xlfn.XLOOKUP(synthetic_small[[#This Row],[product_id]],DimProduct!A:A,DimProduct!B:B, "N/A",0) -> Electronics
A9: O0000008 | B9: 45466 | C9: 45471 | D9: 45466 | E9: 45472 | F9: C01781 | G9: South | H9: P00740 | I9: Toys | J9: 6 | K9: 6 | L9: 10.16 | M9: 0.21 | N9: Standard | O9: WH-C | P9: 0 | R9: 0 | S9: 6 | T9: 1 | U9: 1 | V9: 0 | W9: 48.16 | X9: 45466 | Y9: 1–2 days | Z9: =_xlfn.XLOOKUP(synthetic_small[[#This Row],[product_id]],DimProduct!A:A,DimProduct!B:B, "N/A",0) -> Toys
A10: O0000009 | B10: 45374 | C10: 45379 | D10: 45374 | E10: 45379 | F10: C02173 | G10: North | H10: P00115 | I10: Sports | J10: 5 | K10: 5 | L10: 98.18 | M10: 0.27 | N10: Standard | O10: WH-C | P10: 0 | R10: 0 | S10: 5 | T10: 0 | U10: 1 | V10: 1 | W10: 358.36 | X10: 45368 | Y10: On Time | Z10: =_xlfn.XLOOKUP(synthetic_small[[#This Row],[product_id]],DimProduct!A:A,DimProduct!B:B, "N/A",0) -> Sports
A11: O0000010 | B11: 45564 | C11: 45566 | D11: 45564 | E11: 45567 | F11: C00526 | G11: West | H11: P00622 | I11: Home | J11: 7 | K11: 7 | L11: 42.83 | M11: 0 | N11: Expedited | O11: WH-D | P11: 0 | R11: 0 | S11: 3 | T11: 1 | U11: 1 | V11: 0 | W11: 299.81 | X11: 45564 | Y11: 1–2 days | Z11: =_xlfn.XLOOKUP(synthetic_small[[#This Row],[product_id]],DimProduct!A:A,DimProduct!B:B, "N/A",0) -> Home
A12: O0000011 | B12: 45516 | C12: 45518 | D12: 45516 | E12: 45518 | F12: C01850 | G12: North | H12: P00347 | I12: Home | J12: 1 | K12: 1 | L12: 38.59 | M12: 0.21 | N12: Expedited | O12: WH-A | P12: 0 | R12: 0 | S12: 2 | T12: 0 | U12: 1 | V12: 1 | W12: 30.49 | X12: 45515 | Y12: On Time | Z12: =_xlfn.XLOOKUP(synthetic_small[[#This Row],[product_id]],DimProduct!A:A,DimProduct!B:B, "N/A",0) -> Home
A13: O0000012 | B13: 45413 | C13: 45418 | D13: 45415 | E13: 45416 | F13: C01989 | G13: South | H13: P00585 | I13: Home | J13: 3 | K13: 3 | L13: 90.95 | M13: 0.21 | N13: Standard | O13: WH-D | P13: 0 | R13: 0 | S13: 3 | T13: 0 | U13: 1 | V13: 1 | W13: 215.55 | X13: 45410 | Y13: On Time | Z13: =_xlfn.XLOOKUP(synthetic_small[[#This Row],[product_id]],DimProduct!A:A,DimProduct!B:B, "N/A",0) -> Home
... A32: O0000031 | B32: 45433 | C32: 45435 | D32: 45434 | E32: 45435 | F32: C02136 | G32: West | H32: P00080 | I32: Home | J32: 3 | K32: 3 | L32: 43.83 | M32: 0.09 | N32: Expedited | O32: WH-C | P32: 0 | R32: 0 | S32: 2 | T32: 0 | U32: 1 | V32: 1 | W32: 119.66 | X32: 45431 | Y32: On Time | Z32: =_xlfn.XLOOKUP(synthetic_small[[#This Row],[product_id]],DimProduct!A:A,DimProduct!B:B, "N/A",0) -> Home
A33: O0000032 | B33: 45500 | C33: 45505 | D33: 45500 | E33: 45505 | F33: C01909 | G33: West | H33: P00431 | I33: Electronics | J33: 5 | K33: 5 | L33: 125.5 | M33: 0 | N33: Standard | O33: WH-D | P33: 1 | Q33: Missing Parts | R33: 0 | S33: 5 | T33: 0 | U33: 1 | V33: 1 | W33: 627.5 | X33: 45494 | Y33: On Time | Z33: =_xlfn.XLOOKUP(synthetic_small[[#This Row],[product_id]],DimProduct!A:A,DimProduct!B:B, "N/A",0) -> Electronics
A34: O0000033 | B34: 45491 | C34: 45493 | D34: 45492 | E34: 45492 | F34: C01717 | G34: South | H34: P00447 | I34: Toys | J34: 4 | K34: 4 | L34: 20.97 | M34: 0 | N34: Expedited | O34: WH-D | P34: 0 | R34: 0 | S34: 1 | T34: 0 | U34: 1 | V34: 1 | W34: 83.88 | X34: 45487 | Y34: On Time | Z34: =_xlfn.XLOOKUP(synthetic_small[[#This Row],[product_id]],DimProduct!A:A,DimProduct!B:B, "N/A",0) -> Toys
A35: O0000034 | B35: 45565 | C35: 45570 | D35: 45566 | E35: 45568 | F35: C01614 | G35: North | H35: P00139 | I35: Electronics | J35: 3 | K35: 3 | L35: 221.4 | M35: 0 | N35: Standard | O35: WH-D | P35: 0 | R35: 0 | S35: 3 | T35: 0 | U35: 1 | V35: 1 | W35: 664.2 | X35: 45564 | Y35: On Time | Z35: =_xlfn.XLOOKUP(synthetic_small[[#This Row],[product_id]],DimProduct!A:A,DimProduct!B:B, "N/A",0) -> Electronics
A36: O0000035 | B36: 45507 | C36: 45512 | D36: 45508 | E36: 45509 | F36: C00336 | G36: West | H36: P00054 | I36: Electronics | J36: 3 | K36: 3 | L36: 244.79 | M36: 0.06 | N36: Standard | O36: WH-C | P36: 1 | Q36: Wrong Item | R36: 0 | S36: 2 | T36: 0 | U36: 1 | V36: 1 | W36: 690.31 | X36: 45501 | Y36: On Time | Z36: =_xlfn.XLOOKUP(synthetic_small[[#This Row],[product_id]],DimProduct!A:A,DimProduct!B:B, "N/A",0) -> Electronics
A37: O0000036 | B37: 45534 | C37: 45539 | D37: 45536 | E37: 45538 | F37: C02311 | G37: South | H37: P00786 | I37: Toys | J37: 4 | K37: 4 | L37: 44.97 | M37: 0.25 | N37: Standard | O37: WH-C | P37: 0 | R37: 0 | S37: 4 | T37: 0 | U37: 1 | V37: 1 | W37: 134.91 | X37: 45529 | Y37: On Time | Z37: =_xlfn.XLOOKUP(synthetic_small[[#This Row],[product_id]],DimProduct!A:A,DimProduct!B:B, "N/A",0) -> Toys
A38: O0000037 | B38: 45484 | C38: 45489 | D38: 45484 | E38: 45485 | F38: C00813 | G38: North | H38: P00792 | I38: Home | J38: 4 | K38: 4 | L38: 25.7 | M38: 0 | N38: Standard | O38: WH-C | P38: 0 | R38: 0 | S38: 1 | T38: 0 | U38: 1 | V38: 1 | W38: 102.8 | X38: 45480 | Y38: On Time | Z38: =_xlfn.XLOOKUP(synthetic_small[[#This Row],[product_id]],DimProduct!A:A,DimProduct!B:B, "N/A",0) -> Home
A39: O0000038 | B39: 45551 | C39: 45556 | D39: 45551 | E39: 45554 | F39: C00052 | G39: West | H39: P00371 | I39: Toys | J39: 2 | K39: 2 | L39: 15.28 | M39: 0 | N39: Standard | O39: WH-D | P39: 0 | R39: 0 | S39: 3 | T39: 0 | U39: 1 | V39: 1 | W39: 30.56 | X39: 45550 | Y39: On Time | Z39: =_xlfn.XLOOKUP(synthetic_small[[#This Row],[product_id]],DimProduct!A:A,DimProduct!B:B, "N/A",0) -> Toys
A40: O0000039 | B40: 45530 | C40: 45535 | D40: 45530 | E40: 45534 | F40: C02427 | G40: East | H40: P00089 | I40: Sports | J40: 4 | K40: 4 | L40: 156.27 | M40: 0 | N40: Standard | O40: WH-C | P40: 0 | R40: 0 | S40: 4 | T40: 0 | U40: 1 | V40: 1 | W40: 625.08 | X40: 45529 | Y40: On Time | Z40: =_xlfn.XLOOKUP(synthetic_small[[#This Row],[product_id]],DimProduct!A:A,DimProduct!B:B, "N/A",0) -> Sports
A41: O0000040 | B41: 45541 | C41: 45546 | D41: 45541 | E41: 45545 | F41: C01059 | G41: East | H41: P00719 | I41: Sports | J41: 1 | K41: 1 | L41: 160.85 | M41: 0 | N41: Standard | O41: WH-C | P41: 0 | R41: 0 | S41: 4 | T41: 0 | U41: 1 | V41: 1 | W41: 160.85 | X41: 45536 | Y41: On Time | Z41: =_xlfn.XLOOKUP(synthetic_small[[#This Row],[product_id]],DimProduct!A:A,DimProduct!B:B, "N/A",0) -> Sports
A42: O0000041 | B42: 45622 | C42: 45624 | D42: 45624 | E42: 45624 | F42: C01836 | G42: North | H42: P00415 | I42: Electronics | J42: 2 | K42: 2 | L42: 144.73 | M42: 0 | N42: Expedited | O42: WH-B | P42: 0 | R42: 0 | S42: 2 | T42: 0 | U42: 1 | V42: 1 | W42: 289.46 | X42: 45620 | Y42: On Time | Z42: =_xlfn.XLOOKUP(synthetic_small[[#This Row],[product_id]],DimProduct!A:A,DimProduct!B:B, "N/A",0) -> Electronics
A43: O0000042 | B43: 45524 | C43: 45529 | D43: 45524 | E43: 45527 | F43: C01030 | G43: South | H43: P00324 | I43: Electronics | J43: 2 | K43: 2 | L43: 238.68 | M43: 0.23 | N43: Standard | O43: WH-A | P43: 0 | R43: 0 | S43: 3 | T43: 0 | U43: 1 | V43: 1 | W43: 367.57 | X43: 45522 | Y43: On Time | Z43: =_xlfn.XLOOKUP(synthetic_small[[#This Row],[product_id]],DimProduct!A:A,DimProduct!B:B, "N/A",0) -> Electronics
A44: O0000043 | B44: 45436 | C44: 45438 | D44: 45436 | E44: 45439 | F44: C00796 | G44: East | H44: P00310 | I44: Home | J44: 2 | K44: 1 | L44: 52.89 | M44: 0 | N44: Expedited | O44: WH-A | P44: 0 | R44: 0 | S44: 3 | T44: 1 | U44: 0 | V44: 0 | W44: 52.89 | X44: 45431 | Y44: 1–2 days | Z44: =_xlfn.XLOOKUP(synthetic_small[[#This Row],[product_id]],DimProduct!A:A,DimProduct!B:B, "N/A",0) -> Home
A45: O0000044 | B45: 45344 | C45: 45346 | D45: 45344 | E45: 45347 | F45: C02352 | G45: East | H45: P00349 | I45: Toys | J45: 4 | K45: 4 | L45: 33.94 | M45: 0.07 | N45: Expedited | O45: WH-B | P45: 0 | R45: 0 | S45: 3 | T45: 1 | U45: 1 | V45: 0 | W45: 126.26 | X45: 45340 | Y45: 1–2 days | Z45: =_xlfn.XLOOKUP(synthetic_small[[#This Row],[product_id]],DimProduct!A:A,DimProduct!B:B, "N/A",0) -> Toys
A46: O0000045 | B46: 45447 | C46: 45452 | D46: 45447 | E46: 45452 | F46: C01017 | G46: North | H46: P00634 | I46: Toys | J46: 3 | K46: 3 | L46: 40.32 | M46: 0 | N46: Standard | O46: WH-B | P46: 0 | R46: 0 | S46: 5 | T46: 0 | U46: 1 | V46: 1 | W46: 120.96 | X46: 45445 | Y46: On Time | Z46: =_xlfn.XLOOKUP(synthetic_small[[#This Row],[product_id]],DimProduct!A:A,DimProduct!B:B, "N/A",0) -> Toys
A47: O0000046 | B47: 45604 | C47: 45606 | D47: 45606 | E47: 45607 | F47: C00407 | G47: South | H47: P00084 | I47: Home | J47: 3 | K47: 3 | L47: 42.79 | M47: 0 | N47: Expedited | O47: WH-B | P47: 0 | R47: 0 | S47: 3 | T47: 1 | U47: 1 | V47: 0 | W47: 128.37 | X47: 45599 | Y47: 1–2 days | Z47: =_xlfn.XLOOKUP(synthetic_small[[#This Row],[product_id]],DimProduct!A:A,DimProduct!B:B, "N/A",0) -> Home
A48: O0000047 | B48: 45653 | C48: 45658 | D48: 45654 | E48: 45657 | F48: C01860 | G48: North | H48: P00641 | I48: Home | J48: 1 | K48: 1 | L48: 112.01 | M48: 0 | N48: Standard | O48: WH-B | P48: 0 | R48: 0 | S48: 4 | T48: 0 | U48: 1 | V48: 1 | W48: 112.01 | X48: 45648 | Y48: On Time | Z48: =_xlfn.XLOOKUP(synthetic_small[[#This Row],[product_id]],DimProduct!A:A,DimProduct!B:B, "N/A",0) -> Home
... A67: O0000066 | B67: 45567 | C67: 45572 | D67: 45567 | E67: 45573 | F67: C01859 | G67: East | H67: P00745 | I67: Toys | J67: 5 | K67: 5 | L67: 39.37 | M67: 0 | N67: Standard | O67: WH-B | P67: 0 | R67: 0 | S67: 6 | T67: 1 | U67: 1 | V67: 0 | W67: 196.85 | X67: 45564 | Y67: 1–2 days | Z67: =_xlfn.XLOOKUP(synthetic_small[[#This Row],[product_id]],DimProduct!A:A,DimProduct!B:B, "N/A",0) -> Toys
A68: O0000067 | B68: 45412 | C68: 45414 | D68: 45412 | E68: 45415 | F68: C00407 | G68: East | H68: P00283 | I68: Sports | J68: 7 | K68: 7 | L68: 29.69 | M68: 0.1 | N68: Expedited | O68: WH-B | P68: 1 | Q68: Missing Parts | R68: 0 | S68: 3 | T68: 1 | U68: 1 | V68: 0 | W68: 187.05 | X68: 45410 | Y68: 1–2 days | Z68: =_xlfn.XLOOKUP(synthetic_small[[#This Row],[product_id]],DimProduct!A:A,DimProduct!B:B, "N/A",0) -> Sports
A69: O0000068 | B69: 45356 | C69: 45358 | D69: 45356 | E69: 45357 | F69: C00841 | G69: North | H69: P00239 | I69: Home | J69: 3 | K69: 3 | L69: 76.57 | M69: 0 | N69: Expedited | O69: WH-C | P69: 0 | R69: 0 | S69: 1 | T69: 0 | U69: 1 | V69: 1 | W69: 229.71 | X69: 45354 | Y69: On Time | Z69: =_xlfn.XLOOKUP(synthetic_small[[#This Row],[product_id]],DimProduct!A:A,DimProduct!B:B, "N/A",0) -> Home
A70: O0000069 | B70: 45348 | C70: 45353 | D70: 45349 | E70: 45349 | F70: C00106 | G70: South | H70: P00244 | I70: Electronics | J70: 4 | K70: 4 | L70: 158.81 | M70: 0 | N70: Standard | O70: WH-C | P70: 0 | R70: 0 | S70: 1 | T70: 0 | U70: 1 | V70: 1 | W70: 635.24 | X70: 45347 | Y70: On Time | Z70: =_xlfn.XLOOKUP(synthetic_small[[#This Row],[product_id]],DimProduct!A:A,DimProduct!B:B, "N/A",0) -> Electronics
A71: O0000070 | B71: 45554 | C71: 45559 | D71: 45555 | E71: 45558 | F71: C01852 | G71: South | H71: P00675 | I71: Electronics | J71: 1 | K71: 1 | L71: 239.99 | M71: 0 | N71: Standard | O71: WH-C | P71: 0 | R71: 0 | S71: 4 | T71: 0 | U71: 1 | V71: 1 | W71: 239.99 | X71: 45550 | Y71: On Time | Z71: =_xlfn.XLOOKUP(synthetic_small[[#This Row],[product_id]],DimProduct!A:A,DimProduct!B:B, "N/A",0) -> Electronics
A72: O0000071 | B72: 45519 | C72: 45524 | D72: 45520 | E72: 45524 | F72: C00331 | G72: East | H72: P00282 | I72: Home | J72: 1 | K72: 1 | L72: 21.9 | M72: 0 | N72: Standard | O72: WH-C | P72: 0 | R72: 0 | S72: 5 | T72: 0 | U72: 1 | V72: 1 | W72: 21.9 | X72: 45515 | Y72: On Time | Z72: =_xlfn.XLOOKUP(synthetic_small[[#This Row],[product_id]],DimProduct!A:A,DimProduct!B:B, "N/A",0) -> Home
A73: O0000072 | B73: 45574 | C73: 45576 | D73: 45574 | E73: 45576 | F73: C00881 | G73: West | H73: P00424 | I73: Toys | J73: 3 | K73: 3 | L73: 54.4 | M73: 0 | N73: Expedited | O73: WH-C | P73: 0 | R73: 0 | S73: 2 | T73: 0 | U73: 1 | V73: 1 | W73: 163.2 | X73: 45571 | Y73: On Time | Z73: =_xlfn.XLOOKUP(synthetic_small[[#This Row],[product_id]],DimProduct!A:A,DimProduct!B:B, "N/A",0) -> Toys
A74: O0000073 | B74: 45534 | C74: 45539 | D74: 45534 | E74: 45537 | F74: C00350 | G74: North | H74: P00757 | I74: Toys | J74: 3 | K74: 3 | L74: 14.83 | M74: 0 | N74: Standard | O74: WH-C | P74: 0 | R74: 0 | S74: 3 | T74: 0 | U74: 1 | V74: 1 | W74: 44.49 | X74: 45529 | Y74: On Time | Z74: =_xlfn.XLOOKUP(synthetic_small[[#This Row],[product_id]],DimProduct!A:A,DimProduct!B:B, "N/A",0) -> Toys
A75: O0000074 | B75: 45508 | C75: 45510 | D75: 45509 | E75: 45511 | F75: C00211 | G75: East | H75: P00592 | I75: Sports | J75: 4 | K75: 4 | L75: 76.26 | M75: 0 | N75: Expedited | O75: WH-B | P75: 0 | R75: 0 | S75: 3 | T75: 1 | U75: 1 | V75: 0 | W75: 305.04 | X75: 45508 | Y75: 1–2 days | Z75: =_xlfn.XLOOKUP(synthetic_small[[#This Row],[product_id]],DimProduct!A:A,DimProduct!B:B, "N/A",0) -> Sports
A76: O0000075 | B76: 45511 | C76: 45513 | D76: 45511 | E76: 45512 | F76: C02281 | G76: North | H76: P00280 | I76: Sports | J76: 4 | K76: 4 | L76: 24.63 | M76: 0.21 | N76: Expedited | O76: WH-C | P76: 0 | R76: 0 | S76: 1 | T76: 0 | U76: 1 | V76: 1 | W76: 77.83 | X76: 45508 | Y76: On Time | Z76: =_xlfn.XLOOKUP(synthetic_small[[#This Row],[product_id]],DimProduct!A:A,DimProduct!B:B, "N/A",0) -> Sports
A77: O0000076 | B77: 45563 | C77: 45568 | D77: 45563 | E77: 45569 | F77: C01720 | G77: West | H77: P00320 | I77: Sports | J77: 3 | K77: 3 | L77: 45.19 | M77: 0.09 | N77: Standard | O77: WH-C | P77: 0 | R77: 0 | S77: 6 | T77: 1 | U77: 1 | V77: 0 | W77: 123.37 | X77: 45557 | Y77: 1–2 days | Z77: =_xlfn.XLOOKUP(synthetic_small[[#This Row],[product_id]],DimProduct!A:A,DimProduct!B:B, "N/A",0) -> Sports
A78: O0000077 | B78: 45540 | C78: 45545 | D78: 45541 | E78: 45546 | F78: C01697 | G78: East | H78: P00117 | I78: Home | J78: 1 | K78: 1 | L78: 94.27 | M78: 0 | N78: Standard | O78: WH-C | P78: 0 | R78: 0 | S78: 6 | T78: 1 | U78: 1 | V78: 0 | W78: 94.27 | X78: 45536 | Y78: 1–2 days | Z78: =_xlfn.XLOOKUP(synthetic_small[[#This Row],[product_id]],DimProduct!A:A,DimProduct!B:B, "N/A",0) -> Home
A79: O0000078 | B79: 45320 | C79: 45325 | D79: 45321 | E79: 45322 | F79: C01235 | G79: South | H79: P00297 | I79: Home | J79: 4 | K79: 4 | L79: 95.24 | M79: 0.18 | N79: Standard | O79: WH-C | P79: 0 | R79: 0 | S79: 2 | T79: 0 | U79: 1 | V79: 1 | W79: 312.39 | X79: 45319 | Y79: On Time | Z79: =_xlfn.XLOOKUP(synthetic_small[[#This Row],[product_id]],DimProduct!A:A,DimProduct!B:B, "N/A",0) -> Home
A80: O0000079 | B80: 45328 | C80: 45333 | D80: 45328 | E80: 45329 | F80: C00174 | G80: West | H80: P00080 | I80: Electronics | J80: 1 | K80: 1 | L80: 181.15 | M80: 0 | N80: Standard | O80: WH-C | P80: 0 | R80: 0 | S80: 1 | T80: 0 | U80: 1 | V80: 1 | W80: 181.15 | X80: 45326 | Y80: On Time | Z80: =_xlfn.XLOOKUP(synthetic_small[[#This Row],[product_id]],DimProduct!A:A,DimProduct!B:B, "N/A",0) -> Home
... A237: O0000236 | B237: 45405 | C237: 45410 | D237: 45406 | E237: 45408 | F237: C01455 | G237: East | H237: P00047 | I237: Sports | J237: 1 | K237: 1 | L237: 132.34 | M237: 0 | N237: Standard | O237: WH-B | P237: 0 | R237: 0 | S237: 3 | T237: 0 | U237: 1 | V237: 1 | W237: 132.34 | X237: 45403 | Y237: On Time | Z237: =_xlfn.XLOOKUP(synthetic_small[[#This Row],[product_id]],DimProduct!A:A,DimProduct!B:B, "N/A",0) -> Sports
A238: O0000237 | B238: 45493 | C238: 45498 | D238: 45493 | E238: 45495 | F238: C00781 | G238: East | H238: P00048 | I238: Electronics | J238: 3 | K238: 3 | L238: 246.57 | M238: 0 | N238: Standard | O238: WH-A | P238: 1 | Q238: Damaged | R238: 0 | S238: 2 | T238: 0 | U238: 1 | V238: 1 | W238: 739.71 | X238: 45487 | Y238: On Time | Z238: =_xlfn.XLOOKUP(synthetic_small[[#This Row],[product_id]],DimProduct!A:A,DimProduct!B:B, "N/A",0) -> Electronics
A239: O0000238 | B239: 45513 | C239: 45515 | D239: 45514 | E239: 45515 | F239: C01979 | G239: South | H239: P00132 | I239: Home | J239: 1 | K239: 1 | L239: 91.7 | M239: 0 | N239: Expedited | O239: WH-A | P239: 0 | R239: 0 | S239: 2 | T239: 0 | U239: 1 | V239: 1 | W239: 91.7 | X239: 45508 | Y239: On Time | Z239: =_xlfn.XLOOKUP(synthetic_small[[#This Row],[product_id]],DimProduct!A:A,DimProduct!B:B, "N/A",0) -> Sports
A240: O0000239 | B240: 45419 | C240: 45424 | D240: 45419 | E240: 45424 | F240: C01405 | G240: East | H240: P00142 | I240: Toys | J240: 1 | K240: 1 | L240: 50.24 | M240: 0 | N240: Standard | O240: WH-D | P240: 0 | R240: 0 | S240: 5 | T240: 0 | U240: 1 | V240: 1 | W240: 50.24 | X240: 45417 | Y240: On Time | Z240: =_xlfn.XLOOKUP(synthetic_small[[#This Row],[product_id]],DimProduct!A:A,DimProduct!B:B, "N/A",0) -> Toys
A241: O0000240 | B241: 45615 | C241: 45620 | D241: 45615 | E241: 45619 | F241: C00859 | G241: East | H241: P00136 | I241: Sports | J241: 1 | K241: 1 | L241: 167.39 | M241: 0.14 | N241: Standard | O241: WH-B | P241: 0 | R241: 0 | S241: 4 | T241: 0 | U241: 1 | V241: 1 | W241: 143.96 | X241: 45613 | Y241: On Time | Z241: =_xlfn.XLOOKUP(synthetic_small[[#This Row],[product_id]],DimProduct!A:A,DimProduct!B:B, "N/A",0) -> Home
A242: O0000241 | B242: 45637 | C242: 45639 | D242: 45638 | E242: 45638 | F242: C02187 | G242: East | H242: P00536 | I242: Toys | J242: 4 | K242: 4 | L242: 50.42 | M242: 0.24 | N242: Expedited | O242: WH-A | P242: 0 | R242: 0 | S242: 1 | T242: 0 | U242: 1 | V242: 1 | W242: 153.28 | X242: 45634 | Y242: On Time | Z242: =_xlfn.XLOOKUP(synthetic_small[[#This Row],[product_id]],DimProduct!A:A,DimProduct!B:B, "N/A",0) -> Toys
A243: O0000242 | B243: 45323 | C243: 45328 | D243: 45323 | E243: 45329 | F243: C01209 | G243: South | H243: P00464 | I243: Electronics | J243: 1 | K243: 1 | L243: 158.91 | M243: 0 | N243: Standard | O243: WH-A | P243: 0 | R243: 0 | S243: 6 | T243: 1 | U243: 1 | V243: 0 | W243: 158.91 | X243: 45319 | Y243: 1–2 days | Z243: =_xlfn.XLOOKUP(synthetic_small[[#This Row],[product_id]],DimProduct!A:A,DimProduct!B:B, "N/A",0) -> Electronics
A244: O0000243 | B244: 45648 | C244: 45653 | D244: 45648 | E244: 45652 | F244: C00193 | G244: West | H244: P00702 | I244: Toys | J244: 3 | K244: 3 | L244: 30.83 | M244: 0 | N244: Standard | O244: WH-C | P244: 0 | R244: 0 | S244: 4 | T244: 0 | U244: 1 | V244: 1 | W244: 92.49 | X244: 45648 | Y244: On Time | Z244: =_xlfn.XLOOKUP(synthetic_small[[#This Row],[product_id]],DimProduct!A:A,DimProduct!B:B, "N/A",0) -> Toys
A245: O0000244 | B245: 45623 | C245: 45628 | D245: 45624 | E245: 45627 | F245: C02411 | G245: South | H245: P00182 | I245: Home | J245: 3 | K245: 3 | L245: 45.89 | M245: 0 | N245: Standard | O245: WH-A | P245: 0 | R245: 0 | S245: 4 | T245: 0 | U245: 1 | V245: 1 | W245: 137.67 | X245: 45620 | Y245: On Time | Z245: =_xlfn.XLOOKUP(synthetic_small[[#This Row],[product_id]],DimProduct!A:A,DimProduct!B:B, "N/A",0) -> Home
A246: O0000245 | B246: 45422 | C246: 45427 | D246: 45422 | E246: 45427 | F246: C01911 | G246: South | H246: P00331 | I246: Electronics | J246: 3 | K246: 3 | L246: 113.81 | M246: 0 | N246: Standard | O246: WH-A | P246: 0 | R246: 0 | S246: 5 | T246: 0 | U246: 1 | V246: 1 | W246: 341.43 | X246: 45417 | Y246: On Time | Z246: =_xlfn.XLOOKUP(synthetic_small[[#This Row],[product_id]],DimProduct!A:A,DimProduct!B:B, "N/A",0) -> Electronics
A247: O0000246 | B247: 45561 | C247: 45566 | D247: 45562 | E247: 45564 | F247: C00754 | G247: North | H247: P00550 | I247: Home | J247: 4 | K247: 4 | L247: 58.67 | M247: 0 | N247: Standard | O247: WH-D | P247: 0 | R247: 0 | S247: 3 | T247: 0 | U247: 1 | V247: 1 | W247: 234.68 | X247: 45557 | Y247: On Time | Z247: =_xlfn.XLOOKUP(synthetic_small[[#This Row],[product_id]],DimProduct!A:A,DimProduct!B:B, "N/A",0) -> Toys
A248: O0000247 | B248: 45535 | C248: 45537 | D248: 45535 | E248: 45536 | F248: C00037 | G248: North | H248: P00658 | I248: Sports | J248: 5 | K248: 5 | L248: 91.31 | M248: 0 | N248: Expedited | O248: WH-B | P248: 0 | R248: 0 | S248: 1 | T248: 0 | U248: 1 | V248: 1 | W248: 456.55 | X248: 45529 | Y248: On Time | Z248: =_xlfn.XLOOKUP(synthetic_small[[#This Row],[product_id]],DimProduct!A:A,DimProduct!B:B, "N/A",0) -> Home
A249: O0000248 | B249: 45556 | C249: 45558 | D249: 45557 | E249: 45559 | F249: C01536 | G249: West | H249: P00668 | I249: Toys | J249: 2 | K249: 2 | L249: 12.19 | M249: 0 | N249: Expedited | O249: WH-B | P249: 0 | R249: 0 | S249: 3 | T249: 1 | U249: 1 | V249: 0 | W249: 24.38 | X249: 45550 | Y249: 1–2 days | Z249: =_xlfn.XLOOKUP(synthetic_small[[#This Row],[product_id]],DimProduct!A:A,DimProduct!B:B, "N/A",0) -> Toys
A250: O0000249 | B250: 45614 | C250: 45616 | D250: 45614 | E250: 45617 | F250: C01738 | G250: North | H250: P00720 | I250: Home | J250: 1 | K250: 1 | L250: 71.46 | M250: 0.16 | N250: Expedited | O250: WH-D | P250: 0 | R250: 0 | S250: 3 | T250: 1 | U250: 1 | V250: 0 | W250: 60.03 | X250: 45613 | Y250: 1–2 days | Z250: =_xlfn.XLOOKUP(synthetic_small[[#This Row],[product_id]],DimProduct!A:A,DimProduct!B:B, "N/A",0) -> Home
... A271: O0000270 | B271: 45374 | C271: 45379 | D271: 45377 | E271: 45378 | F271: C02083 | G271: West | H271: P00629 | I271: Sports | J271: 5 | K271: 4 | L271: 148.14 | M271: 0 | N271: Standard | O271: WH-A | P271: 0 | R271: 0 | S271: 4 | T271: 0 | U271: 0 | V271: 0 | W271: 592.56 | X271: 45368 | Y271: On Time | Z271: =_xlfn.XLOOKUP(synthetic_small[[#This Row],[product_id]],DimProduct!A:A,DimProduct!B:B, "N/A",0) -> Toys
A272: O0000271 | B272: 45405 | C272: 45410 | D272: 45405 | E272: 45411 | F272: C02495 | G272: North | H272: P00411 | I272: Toys | J272: 2 | K272: 2 | L272: 56.53 | M272: 0 | N272: Standard | O272: WH-C | P272: 1 | Q272: Missing Parts | R272: 0 | S272: 6 | T272: 1 | U272: 1 | V272: 0 | W272: 113.06 | X272: 45403 | Y272: 1–2 days | Z272: =_xlfn.XLOOKUP(synthetic_small[[#This Row],[product_id]],DimProduct!A:A,DimProduct!B:B, "N/A",0) -> Toys
A273: O0000272 | B273: 45598 | C273: 45603 | D273: 45598 | E273: 45604 | F273: C00949 | G273: South | H273: P00671 | I273: Electronics | J273: 3 | K273: 3 | L273: 159.14 | M273: 0 | N273: Standard | O273: WH-A | P273: 0 | R273: 0 | S273: 6 | T273: 1 | U273: 1 | V273: 0 | W273: 477.42 | X273: 45592 | Y273: 1–2 days | Z273: =_xlfn.XLOOKUP(synthetic_small[[#This Row],[product_id]],DimProduct!A:A,DimProduct!B:B, "N/A",0) -> Electronics
A274: O0000273 | B274: 45652 | C274: 45657 | D274: 45652 | E274: 45660 | F274: C00370 | G274: East | H274: P00284 | I274: Sports | J274: 1 | K274: 1 | L274: 75.6 | M274: 0 | N274: Standard | O274: WH-B | P274: 0 | R274: 0 | S274: 8 | T274: 3 | U274: 1 | V274: 0 | W274: 75.6 | X274: 45648 | Y274: 3+ days | Z274: =_xlfn.XLOOKUP(synthetic_small[[#This Row],[product_id]],DimProduct!A:A,DimProduct!B:B, "N/A",0) -> Sports
A275: O0000274 | B275: 45442 | C275: 45447 | D275: 45442 | E275: 45446 | F275: C00480 | G275: East | H275: P00387 | I275: Sports | J275: 3 | K275: 3 | L275: 131.07 | M275: 0 | N275: Standard | O275: WH-D | P275: 0 | R275: 0 | S275: 4 | T275: 0 | U275: 1 | V275: 1 | W275: 393.21 | X275: 45438 | Y275: On Time | Z275: =_xlfn.XLOOKUP(synthetic_small[[#This Row],[product_id]],DimProduct!A:A,DimProduct!B:B, "N/A",0) -> Sports
A276: O0000275 | B276: 45424 | C276: 45429 | D276: 45424 | E276: 45430 | F276: C00903 | G276: South | H276: P00362 | I276: Sports | J276: 2 | K276: 2 | L276: 85.99 | M276: 0 | N276: Standard | O276: WH-A | P276: 0 | R276: 0 | S276: 6 | T276: 1 | U276: 1 | V276: 0 | W276: 171.98 | X276: 45424 | Y276: 1–2 days | Z276: =_xlfn.XLOOKUP(synthetic_small[[#This Row],[product_id]],DimProduct!A:A,DimProduct!B:B, "N/A",0) -> Sports
A277: O0000276 | B277: 45535 | C277: 45540 | D277: 45536 | E277: 45537 | F277: C00896 | G277: East | H277: P00700 | I277: Home | J277: 1 | K277: 1 | L277: 114.45 | M277: 0 | N277: Standard | O277: WH-B | P277: 0 | R277: 0 | S277: 2 | T277: 0 | U277: 1 | V277: 1 | W277: 114.45 | X277: 45529 | Y277: On Time | Z277: =_xlfn.XLOOKUP(synthetic_small[[#This Row],[product_id]],DimProduct!A:A,DimProduct!B:B, "N/A",0) -> Toys
A278: O0000277 | B278: 45474 | C278: 45479 | D278: 45474 | E278: 45479 | F278: C00437 | G278: North | H278: P00680 | I278: Electronics | J278: 1 | K278: 1 | L278: 228.68 | M278: 0.17 | N278: Standard | O278: WH-D | P278: 0 | R278: 0 | S278: 5 | T278: 0 | U278: 1 | V278: 1 | W278: 189.8 | X278: 45473 | Y278: On Time | Z278: =_xlfn.XLOOKUP(synthetic_small[[#This Row],[product_id]],DimProduct!A:A,DimProduct!B:B, "N/A",0) -> Electronics
A279: O0000278 | B279: 45586 | C279: 45588 | D279: 45587 | E279: 45589 | F279: C02011 | G279: South | H279: P00769 | I279: Sports | J279: 6 | K279: 6 | L279: 83.66 | M279: 0 | N279: Expedited | O279: WH-B | P279: 0 | R279: 0 | S279: 3 | T279: 1 | U279: 1 | V279: 0 | W279: 501.96 | X279: 45585 | Y279: 1–2 days | Z279: =_xlfn.XLOOKUP(synthetic_small[[#This Row],[product_id]],DimProduct!A:A,DimProduct!B:B, "N/A",0) -> Sports
A280: O0000279 | B280: 45526 | C280: 45528 | D280: 45527 | E280: 45527 | F280: C02123 | G280: West | H280: P00013 | I280: Sports | J280: 2 | K280: 2 | L280: 130.27 | M280: 0 | N280: Expedited | O280: WH-B | P280: 0 | R280: 0 | S280: 1 | T280: 0 | U280: 1 | V280: 1 | W280: 260.54 | X280: 45522 | Y280: On Time | Z280: =_xlfn.XLOOKUP(synthetic_small[[#This Row],[product_id]],DimProduct!A:A,DimProduct!B:B, "N/A",0) -> Sports
A281: O0000280 | B281: 45605 | C281: 45610 | D281: 45606 | E281: 45610 | F281: C00754 | G281: West | H281: P00718 | I281: Toys | J281: 1 | K281: 1 | L281: 20.53 | M281: 0 | N281: Standard | O281: WH-C | P281: 0 | R281: 0 | S281: 5 | T281: 0 | U281: 1 | V281: 1 | W281: 20.53 | X281: 45599 | Y281: On Time | Z281: =_xlfn.XLOOKUP(synthetic_small[[#This Row],[product_id]],DimProduct!A:A,DimProduct!B:B, "N/A",0) -> Toys
A282: O0000281 | B282: 45412 | C282: 45417 | D282: 45413 | E282: 45418 | F282: C01561 | G282: South | H282: P00757 | I282: Home | J282: 2 | K282: 2 | L282: 99 | M282: 0.27 | N282: Standard | O282: WH-B | P282: 0 | R282: 0 | S282: 6 | T282: 1 | U282: 1 | V282: 0 | W282: 144.54 | X282: 45410 | Y282: 1–2 days | Z282: =_xlfn.XLOOKUP(synthetic_small[[#This Row],[product_id]],DimProduct!A:A,DimProduct!B:B, "N/A",0) -> Toys
A283: O0000282 | B283: 45445 | C283: 45450 | D283: 45446 | E283: 45448 | F283: C02326 | G283: North | H283: P00168 | I283: Toys | J283: 3 | K283: 3 | L283: 14.95 | M283: 0.24 | N283: Standard | O283: WH-A | P283: 0 | R283: 0 | S283: 3 | T283: 0 | U283: 1 | V283: 1 | W283: 34.09 | X283: 45445 | Y283: On Time | Z283: =_xlfn.XLOOKUP(synthetic_small[[#This Row],[product_id]],DimProduct!A:A,DimProduct!B:B, "N/A",0) -> Toys
A284: O0000283 | B284: 45423 | C284: 45428 | D284: 45423 | E284: 45426 | F284: C01687 | G284: North | H284: P00621 | I284: Sports | J284: 1 | K284: 1 | L284: 158.78 | M284: 0 | N284: Standard | O284: WH-B | P284: 0 | R284: 0 | S284: 3 | T284: 0 | U284: 1 | V284: 1 | W284: 158.78 | X284: 45417 | Y284: On Time | Z284: =_xlfn.XLOOKUP(synthetic_small[[#This Row],[product_id]],DimProduct!A:A,DimProduct!B:B, "N/A",0) -> Sports
... A295: O0000294 | B295: 45657 | C295: 45662 | D295: 45657 | E295: 45660 | F295: C01815 | G295: South | H295: P00753 | I295: Electronics | J295: 1 | K295: 1 | L295: 123.82 | M295: 0 | N295: Standard | O295: WH-A | P295: 0 | R295: 0 | S295: 3 | T295: 0 | U295: 1 | V295: 1 | W295: 123.82 | X295: 45655 | Y295: On Time | Z295: =_xlfn.XLOOKUP(synthetic_small[[#This Row],[product_id]],DimProduct!A:A,DimProduct!B:B, "N/A",0) -> Electronics
A296: O0000295 | B296: 45573 | C296: 45578 | D296: 45573 | E296: 45580 | F296: C01038 | G296: West | H296: P00054 | I296: Sports | J296: 4 | K296: 4 | L296: 51.8 | M296: 0.25 | N296: Standard | O296: WH-B | P296: 1 | Q296: Damaged | R296: 0 | S296: 7 | T296: 2 | U296: 1 | V296: 0 | W296: 155.4 | X296: 45571 | Y296: 1–2 days | Z296: =_xlfn.XLOOKUP(synthetic_small[[#This Row],[product_id]],DimProduct!A:A,DimProduct!B:B, "N/A",0) -> Electronics
A297: O0000296 | B297: 45645 | C297: 45650 | D297: 45646 | E297: 45654 | F297: C02443 | G297: South | H297: P00255 | I297: Sports | J297: 1 | K297: 1 | L297: 143.33 | M297: 0 | N297: Standard | O297: WH-B | P297: 0 | R297: 0 | S297: 9 | T297: 4 | U297: 1 | V297: 0 | W297: 143.33 | X297: 45641 | Y297: 3+ days | Z297: =_xlfn.XLOOKUP(synthetic_small[[#This Row],[product_id]],DimProduct!A:A,DimProduct!B:B, "N/A",0) -> Toys
A298: O0000297 | B298: 45346 | C298: 45351 | D298: 45347 | E298: 45347 | F298: C00954 | G298: East | H298: P00450 | I298: Sports | J298: 4 | K298: 4 | L298: 148.88 | M298: 0 | N298: Standard | O298: WH-B | P298: 0 | R298: 0 | S298: 1 | T298: 0 | U298: 1 | V298: 1 | W298: 595.52 | X298: 45340 | Y298: On Time | Z298: =_xlfn.XLOOKUP(synthetic_small[[#This Row],[product_id]],DimProduct!A:A,DimProduct!B:B, "N/A",0) -> Sports
A299: O0000298 | B299: 45648 | C299: 45653 | D299: 45648 | E299: 45652 | F299: C02322 | G299: South | H299: P00480 | I299: Sports | J299: 4 | K299: 4 | L299: 71.79 | M299: 0.18 | N299: Standard | O299: WH-C | P299: 0 | R299: 0 | S299: 4 | T299: 0 | U299: 1 | V299: 1 | W299: 235.47 | X299: 45648 | Y299: On Time | Z299: =_xlfn.XLOOKUP(synthetic_small[[#This Row],[product_id]],DimProduct!A:A,DimProduct!B:B, "N/A",0) -> Sports
A300: O0000299 | B300: 45292 | C300: 45294 | D300: 45292 | E300: 45295 | F300: C02073 | G300: West | H300: P00635 | I300: Home | J300: 3 | K300: 3 | L300: 107.71 | M300: 0 | N300: Expedited | O300: WH-C | P300: 0 | R300: 0 | S300: 3 | T300: 1 | U300: 1 | V300: 0 | W300: 323.13 | X300: 45291 | Y300: 1–2 days | Z300: =_xlfn.XLOOKUP(synthetic_small[[#This Row],[product_id]],DimProduct!A:A,DimProduct!B:B, "N/A",0) -> Sports
A301: O0000300 | B301: 45574 | C301: 45579 | D301: 45574 | E301: 45578 | F301: C01160 | G301: East | H301: P00114 | I301: Toys | J301: 2 | K301: 2 | L301: 42.05 | M301: 0.27 | N301: Standard | O301: WH-A | P301: 0 | R301: 0 | S301: 4 | T301: 0 | U301: 1 | V301: 1 | W301: 61.39 | X301: 45571 | Y301: On Time | Z301: =_xlfn.XLOOKUP(synthetic_small[[#This Row],[product_id]],DimProduct!A:A,DimProduct!B:B, "N/A",0) -> Toys
A302: O0000301 | B302: 45490 | C302: 45495 | D302: 45491 | E302: 45491 | F302: C02154 | G302: East | H302: P00621 | I302: Electronics | J302: 7 | K302: 7 | L302: 160.6 | M302: 0 | N302: Standard | O302: WH-A | P302: 0 | R302: 0 | S302: 1 | T302: 0 | U302: 1 | V302: 1 | W302: 1124.2 | X302: 45487 | Y302: On Time | Z302: =_xlfn.XLOOKUP(synthetic_small[[#This Row],[product_id]],DimProduct!A:A,DimProduct!B:B, "N/A",0) -> Sports
A303: O0000302 | B303: 45504 | C303: 45506 | D303: 45504 | E303: 45507 | F303: C00239 | G303: East | H303: P00312 | I303: Electronics | J303: 7 | K303: 7 | L303: 241.55 | M303: 0 | N303: Expedited | O303: WH-A | P303: 0 | R303: 0 | S303: 3 | T303: 1 | U303: 1 | V303: 0 | W303: 1690.85 | X303: 45501 | Y303: 1–2 days | Z303: =_xlfn.XLOOKUP(synthetic_small[[#This Row],[product_id]],DimProduct!A:A,DimProduct!B:B, "N/A",0) -> Electronics
A304: O0000303 | B304: 45583 | C304: 45588 | D304: 45583 | E304: 45588 | F304: C00733 | G304: West | H304: P00591 | I304: Electronics | J304: 1 | K304: 1 | L304: 248.58 | M304: 0.25 | N304: Standard | O304: WH-C | P304: 0 | R304: 0 | S304: 5 | T304: 0 | U304: 1 | V304: 1 | W304: 186.44 | X304: 45578 | Y304: On Time | Z304: =_xlfn.XLOOKUP(synthetic_small[[#This Row],[product_id]],DimProduct!A:A,DimProduct!B:B, "N/A",0) -> Electronics
A305: O0000304 | B305: 45599 | C305: 45604 | D305: 45599 | E305: 45603 | F305: C01444 | G305: East | H305: P00423 | I305: Sports | J305: 3 | K305: 3 | L305: 155.18 | M305: 0 | N305: Standard | O305: WH-D | P305: 0 | R305: 0 | S305: 4 | T305: 0 | U305: 1 | V305: 1 | W305: 465.54 | X305: 45599 | Y305: On Time | Z305: =_xlfn.XLOOKUP(synthetic_small[[#This Row],[product_id]],DimProduct!A:A,DimProduct!B:B, "N/A",0) -> Sports
A306: O0000305 | B306: 45523 | C306: 45528 | D306: 45523 | E306: 45525 | F306: C01627 | G306: North | H306: P00611 | I306: Electronics | J306: 1 | K306: 1 | L306: 296.25 | M306: 0 | N306: Standard | O306: WH-A | P306: 0 | R306: 0 | S306: 2 | T306: 0 | U306: 1 | V306: 1 | W306: 296.25 | X306: 45522 | Y306: On Time | Z306: =_xlfn.XLOOKUP(synthetic_small[[#This Row],[product_id]],DimProduct!A:A,DimProduct!B:B, "N/A",0) -> Electronics
A307: O0000306 | B307: 45645 | C307: 45647 | D307: 45646 | E307: 45647 | F307: C02268 | G307: South | H307: P00365 | I307: Electronics | J307: 4 | K307: 4 | L307: 88.3 | M307: 0 | N307: Expedited | O307: WH-B | P307: 0 | R307: 0 | S307: 2 | T307: 0 | U307: 1 | V307: 1 | W307: 353.2 | X307: 45641 | Y307: On Time | Z307: =_xlfn.XLOOKUP(synthetic_small[[#This Row],[product_id]],DimProduct!A:A,DimProduct!B:B, "N/A",0) -> Electronics
A308: O0000307 | B308: 45331 | C308: 45333 | D308: 45331 | E308: 45332 | F308: C01977 | G308: South | H308: P00707 | I308: Toys | J308: 1 | K308: 1 | L308: 51.29 | M308: 0 | N308: Expedited | O308: WH-A | P308: 0 | R308: 0 | S308: 1 | T308: 0 | U308: 1 | V308: 1 | W308: 51.29 | X308: 45326 | Y308: On Time | Z308: =_xlfn.XLOOKUP(synthetic_small[[#This Row],[product_id]],DimProduct!A:A,DimProduct!B:B, "N/A",0) -> Toys
... A333: O0000332 | B333: 45654 | C333: 45659 | D333: 45654 | E333: 45655 | F333: C00793 | G333: North | H333: P00641 | I333: Electronics | J333: 2 | K333: 2 | L333: 85.28 | M333: 0 | N333: Standard | O333: WH-A | P333: 0 | R333: 0 | S333: 1 | T333: 0 | U333: 1 | V333: 1 | W333: 170.56 | X333: 45648 | Y333: On Time | Z333: =_xlfn.XLOOKUP(synthetic_small[[#This Row],[product_id]],DimProduct!A:A,DimProduct!B:B, "N/A",0) -> Home
A334: O0000333 | B334: 45297 | C334: 45302 | D334: 45297 | E334: 45302 | F334: C01154 | G334: East | H334: P00519 | I334: Electronics | J334: 3 | K334: 3 | L334: 147.71 | M334: 0 | N334: Standard | O334: WH-C | P334: 1 | Q334: Wrong Item | R334: 0 | S334: 5 | T334: 0 | U334: 1 | V334: 1 | W334: 443.13 | X334: 45291 | Y334: On Time | Z334: =_xlfn.XLOOKUP(synthetic_small[[#This Row],[product_id]],DimProduct!A:A,DimProduct!B:B, "N/A",0) -> Electronics
A335: O0000334 | B335: 45465 | C335: 45467 | D335: 45465 | E335: 45467 | F335: C01963 | G335: West | H335: P00494 | I335: Electronics | J335: 1 | K335: 1 | L335: 222.04 | M335: 0 | N335: Expedited | O335: WH-B | P335: 0 | R335: 0 | S335: 2 | T335: 0 | U335: 1 | V335: 1 | W335: 222.04 | X335: 45459 | Y335: On Time | Z335: =_xlfn.XLOOKUP(synthetic_small[[#This Row],[product_id]],DimProduct!A:A,DimProduct!B:B, "N/A",0) -> Sports
A336: O0000335 | B336: 45581 | C336: 45583 | D336: 45582 | E336: 45583 | F336: C01293 | G336: North | H336: P00340 | I336: Home | J336: 4 | K336: 4 | L336: 75.63 | M336: 0 | N336: Expedited | O336: WH-C | P336: 0 | R336: 0 | S336: 2 | T336: 0 | U336: 1 | V336: 1 | W336: 302.52 | X336: 45578 | Y336: On Time | Z336: =_xlfn.XLOOKUP(synthetic_small[[#This Row],[product_id]],DimProduct!A:A,DimProduct!B:B, "N/A",0) -> Electronics
A337: O0000336 | B337: 45491 | C337: 45496 | D337: 45493 | E337: 45494 | F337: C00479 | G337: East | H337: P00279 | I337: Sports | J337: 6 | K337: 6 | L337: 133.57 | M337: 0 | N337: Standard | O337: WH-D | P337: 0 | R337: 0 | S337: 3 | T337: 0 | U337: 1 | V337: 1 | W337: 801.42 | X337: 45487 | Y337: On Time | Z337: =_xlfn.XLOOKUP(synthetic_small[[#This Row],[product_id]],DimProduct!A:A,DimProduct!B:B, "N/A",0) -> Sports
A338: O0000337 | B338: 45311 | C338: 45313 | D338: 45313 | E338: 45313 | F338: C00380 | G338: West | H338: P00513 | I338: Electronics | J338: 4 | K338: 4 | L338: 255.79 | M338: 0 | N338: Expedited | O338: WH-B | P338: 0 | R338: 0 | S338: 2 | T338: 0 | U338: 1 | V338: 1 | W338: 1023.16 | X338: 45305 | Y338: On Time | Z338: =_xlfn.XLOOKUP(synthetic_small[[#This Row],[product_id]],DimProduct!A:A,DimProduct!B:B, "N/A",0) -> Electronics
A339: O0000338 | B339: 45556 | C339: 45561 | D339: 45557 | E339: 45557 | F339: C00544 | G339: South | H339: P00731 | I339: Electronics | J339: 7 | K339: 7 | L339: 181.06 | M339: 0 | N339: Standard | O339: WH-A | P339: 0 | R339: 0 | S339: 1 | T339: 0 | U339: 1 | V339: 1 | W339: 1267.42 | X339: 45550 | Y339: On Time | Z339: =_xlfn.XLOOKUP(synthetic_small[[#This Row],[product_id]],DimProduct!A:A,DimProduct!B:B, "N/A",0) -> Electronics
A340: O0000339 | B340: 45629 | C340: 45631 | D340: 45630 | E340: 45631 | F340: C00093 | G340: East | H340: P00198 | I340: Home | J340: 2 | K340: 2 | L340: 48.69 | M340: 0.09 | N340: Expedited | O340: WH-C | P340: 0 | R340: 0 | S340: 2 | T340: 0 | U340: 1 | V340: 1 | W340: 88.62 | X340: 45627 | Y340: On Time | Z340: =_xlfn.XLOOKUP(synthetic_small[[#This Row],[product_id]],DimProduct!A:A,DimProduct!B:B, "N/A",0) -> Home
A341: O0000340 | B341: 45344 | C341: 45349 | D341: 45344 | E341: 45349 | F341: C01435 | G341: East | H341: P00722 | I341: Sports | J341: 1 | K341: 1 | L341: 42.65 | M341: 0 | N341: Standard | O341: WH-C | P341: 0 | R341: 0 | S341: 5 | T341: 0 | U341: 1 | V341: 1 | W341: 42.65 | X341: 45340 | Y341: On Time | Z341: =_xlfn.XLOOKUP(synthetic_small[[#This Row],[product_id]],DimProduct!A:A,DimProduct!B:B, "N/A",0) -> Sports
A342: O0000341 | B342: 45637 | C342: 45642 | D342: 45637 | E342: 45643 | F342: C01572 | G342: North | H342: P00184 | I342: Electronics | J342: 1 | K342: 1 | L342: 173.82 | M342: 0 | N342: Standard | O342: WH-D | P342: 0 | R342: 0 | S342: 6 | T342: 1 | U342: 1 | V342: 0 | W342: 173.82 | X342: 45634 | Y342: 1–2 days | Z342: =_xlfn.XLOOKUP(synthetic_small[[#This Row],[product_id]],DimProduct!A:A,DimProduct!B:B, "N/A",0) -> Sports
A343: O0000342 | B343: 45530 | C343: 45535 | D343: 45531 | E343: 45533 | F343: C00381 | G343: West | H343: P00701 | I343: Electronics | J343: 1 | K343: 1 | L343: 180.23 | M343: 0 | N343: Standard | O343: WH-D | P343: 0 | R343: 0 | S343: 3 | T343: 0 | U343: 1 | V343: 1 | W343: 180.23 | X343: 45529 | Y343: On Time | Z343: =_xlfn.XLOOKUP(synthetic_small[[#This Row],[product_id]],DimProduct!A:A,DimProduct!B:B, "N/A",0) -> Electronics
A344: O0000343 | B344: 45632 | C344: 45637 | D344: 45633 | E344: 45637 | F344: C01331 | G344: West | H344: P00487 | I344: Toys | J344: 1 | K344: 1 | L344: 11.51 | M344: 0 | N344: Standard | O344: WH-A | P344: 0 | R344: 0 | S344: 5 | T344: 0 | U344: 1 | V344: 1 | W344: 11.51 | X344: 45627 | Y344: On Time | Z344: =_xlfn.XLOOKUP(synthetic_small[[#This Row],[product_id]],DimProduct!A:A,DimProduct!B:B, "N/A",0) -> Toys
A345: O0000344 | B345: 45657 | C345: 45659 | D345: 45658 | E345: 45658 | F345: C01335 | G345: North | H345: P00411 | I345: Sports | J345: 3 | K345: 3 | L345: 105.24 | M345: 0 | N345: Expedited | O345: WH-D | P345: 0 | R345: 0 | S345: 1 | T345: 0 | U345: 1 | V345: 1 | W345: 315.72 | X345: 45655 | Y345: On Time | Z345: =_xlfn.XLOOKUP(synthetic_small[[#This Row],[product_id]],DimProduct!A:A,DimProduct!B:B, "N/A",0) -> Toys
A346: O0000345 | B346: 45514 | C346: 45519 | D346: 45515 | E346: 45517 | F346: C01402 | G346: South | H346: P00080 | I346: Home | J346: 5 | K346: 5 | L346: 84.57 | M346: 0.16 | N346: Standard | O346: WH-D | P346: 0 | R346: 0 | S346: 3 | T346: 0 | U346: 1 | V346: 1 | W346: 355.19 | X346: 45508 | Y346: On Time | Z346: =_xlfn.XLOOKUP(synthetic_small[[#This Row],[product_id]],DimProduct!A:A,DimProduct!B:B, "N/A",0) -> Home
...

Sheet DimProduct
A1: product_id | B1: category
A2: P00105 | B2: Home
A3: P00164 | B3: Electronics
A4: P00301 | B4: Toys
A5: P00687 | B5: Sports
A6: P00033 | B6: Electronics
A7: P00552 | B7: Home
A8: P00611 | B8: Electronics
A9: P00740 | B9: Toys
A10: P00115 | B10: Sports
A11: P00622 | B11: Home
A12: P00347 | B12: Home
... A799: P00748 | B799: Home

Sheet Pivot_OTIF
A1: WeekStart | B1: (All)
A3: Sum of otif_flag | B3: Column Labels
A4: Row Labels | B4: Expedited | C4: Standard | D4: Grand Total
A5: East | B5: 211 | C5: 620 | D5: 831
A6: North | B6: 217 | C6: 619 | D6: 836
A7: South | B7: 219 | C7: 628 | D7: 847
A8: West | B8: 222 | C8: 664 | D8: 886
A9: Grand Total | B9: 869 | C9: 2531 | D9: 3400
